{
  "HTTP Request Страница Сочи" : {
    "transaction" : "HTTP Request Страница Сочи",
    "sampleCount" : 1,
    "errorCount" : 0,
    "errorPct" : 0.0,
    "meanResTime" : 233.0,
    "medianResTime" : 233.0,
    "minResTime" : 233.0,
    "maxResTime" : 233.0,
    "pct1ResTime" : 233.0,
    "pct2ResTime" : 233.0,
    "pct3ResTime" : 233.0,
    "throughput" : 4.291845493562231,
    "receivedKBytesPerSec" : 3466.008918991416,
    "sentKBytesPerSec" : 1.4376005901287552
  },
  "HTTP Request Заглавная страница" : {
    "transaction" : "HTTP Request Заглавная страница",
    "sampleCount" : 1,
    "errorCount" : 0,
    "errorPct" : 0.0,
    "meanResTime" : 377.0,
    "medianResTime" : 377.0,
    "minResTime" : 377.0,
    "maxResTime" : 377.0,
    "pct1ResTime" : 377.0,
    "pct2ResTime" : 377.0,
    "pct3ResTime" : 377.0,
    "throughput" : 2.6525198938992043,
    "receivedKBytesPerSec" : 365.734312831565,
    "sentKBytesPerSec" : 0.7745150862068966
  },
  "Total" : {
    "transaction" : "Total",
    "sampleCount" : 4,
    "errorCount" : 0,
    "errorPct" : 0.0,
    "meanResTime" : 482.5,
    "medianResTime" : 408.5,
    "minResTime" : 233.0,
    "maxResTime" : 880.0,
    "pct1ResTime" : 880.0,
    "pct2ResTime" : 880.0,
    "pct3ResTime" : 880.0,
    "throughput" : 0.8074283407347598,
    "receivedKBytesPerSec" : 228.10934819085588,
    "sentKBytesPerSec" : 0.3150074434800162
  },
  "HTTP Request Страница поиска Сочи" : {
    "transaction" : "HTTP Request Страница поиска Сочи",
    "sampleCount" : 1,
    "errorCount" : 0,
    "errorPct" : 0.0,
    "meanResTime" : 880.0,
    "medianResTime" : 880.0,
    "minResTime" : 880.0,
    "maxResTime" : 880.0,
    "pct1ResTime" : 880.0,
    "pct2ResTime" : 880.0,
    "pct3ResTime" : 880.0,
    "throughput" : 1.1363636363636362,
    "receivedKBytesPerSec" : 148.50297407670453,
    "sentKBytesPerSec" : 0.5359996448863636
  },
  "HTTP Request Поиск" : {
    "transaction" : "HTTP Request Поиск",
    "sampleCount" : 1,
    "errorCount" : 0,
    "errorPct" : 0.0,
    "meanResTime" : 440.0,
    "medianResTime" : 440.0,
    "minResTime" : 440.0,
    "maxResTime" : 440.0,
    "pct1ResTime" : 440.0,
    "pct2ResTime" : 440.0,
    "pct3ResTime" : 440.0,
    "throughput" : 2.2727272727272725,
    "receivedKBytesPerSec" : 122.52086292613636,
    "sentKBytesPerSec" : 1.0498046875
  }
}